course_index,name,link
0,中国建筑史（上）,https://www.xuetangx.com/course/THU08281000443/7754587
1,外国工艺美术史,https://www.xuetangx.com/course/THU13011000396/7753096
2,心理学概论,https://www.xuetangx.com/course/THU07111000416/775562
3,经济学原理,https://www.xuetangx.com/course/thu02011002194/7755199
4,公司金融,https://www.xuetangx.com/course/SWUFE02031000538/7754843
5,创业102：你能为客户做什么？,https://www.xuetangx.com/course/THU08091000813/7769636
6,e时代的教与学――MOOC引发的混合式教学,https://www.xuetangx.com/course/RCOE04011000178/7753191
7,党的十九大精神概论,https://www.xuetangx.com/course/THU03051000745/7753065
8,e时代的大佬师――慕课教师的修炼心法,https://www.xuetangx.com/course/RCOE04011000249/7753186
9,大学物理近代物理,https://www.xuetangx.com/course/BIT07021000028/7754055
10,计算机科学和Python编程导论,https://www.xuetangx.com/course/SZIIT61021001122/7755544
11,自动控制理论,https://www.xuetangx.com/course/THU08081000447/7755625
12,大学国文（下）,https://www.xuetangx.com/course/SEU12021000056/5882641
13,计算几何,https://www.xuetangx.com/course/THU08091000327/7770041
14,C++语言程序设计基础,https://www.xuetangx.com/course/THU08091000247/7771136
15,生活英语听说,https://www.xuetangx.com/course/THU05021000376/7754480
16,日语与日本文化,https://www.xuetangx.com/course/THU05021000363/7754436
17,数据结构（上）,https://www.xuetangx.com/course/THU08091000384/7755489
18,操作系统,https://www.xuetangx.com/course/THU08091000267/7753473
19,数据结构(下),https://www.xuetangx.com/course/THU08091002048/7755080
20,逻辑学概论,https://www.xuetangx.com/course/THU12011001060/7753025
21,线性代数,https://www.xuetangx.com/course/THU07011000411/7735112
22,程序设计基础,https://www.xuetangx.com/course/THU08091000270/7754638
23,汇编语言程序设计,https://www.xuetangx.com/course/THU08091000320/7769823
24,分布式存储与资源管理,
25,大数据系统基础,https://www.xuetangx.com/course/THU08091000280/7754251
26,网络技术与应用,https://www.xuetangx.com/course/UST08091000594/7769889
27,计算机科学101,
28,微纳加工技术,https://www.xuetangx.com/course/THU08071000404/7753904
29,数字电子技术基础,https://www.xuetangx.com/course/THU08081000386/7754495
30,C++语言程序设计进阶,https://www.xuetangx.com/course/THU08091000248/7771140
31,葡萄酒的世界：从葡萄到美酒,
32,量子力学（上）,https://www.xuetangx.com/course/THU07021000339/7753294
33,金融体系概览（微慕课）,
34,线性系统理论,https://www.xuetangx.com/course/THU08081000414/7753330
35,小波与科学(自主模式）,https://www.xuetangx.com/course/HIT07011000107-01/4001426
36,电子信息科学与技术导引(1),https://www.xuetangx.com/course/THU08071000295/7754954
37,统计信号处理,https://www.xuetangx.com/course/NUDT08071000084/7755603
38,MEMS与微系统,https://www.xuetangx.com/course/THU08071000253/7754035
39,奇异的仿生学,https://www.xuetangx.com/course/JLU08301000148/7769834
40,创新材料学,https://www.xuetangx.com/course/THU08041000274/7769831
41,数据结构-算法基础（微慕课）,https://www.xuetangx.com/course/XUST08091001540/7754535
42,计算思维和数据科学导论,
43,理论力学,https://www.xuetangx.com/course/THU07021000337/7754397
44,经济学,https://www.xuetangx.com/course/thu02011002194/7755199
45,2014年清华大学研究生学位论文答辩（二）,https://www.xuetangx.com/course/THU00001002199/1403011
46,软件工程,https://www.xuetangx.com/course/THU08091000367/7754180
47,C++语言程序设计,
48,有限元分析及应用,https://www.xuetangx.com/course/THU08021000430/7754583
49,大数据科学与应用系列讲座,
50,《周易》《周礼》与故宫北京城（微慕课）,
51,流计算、内存计算与分布式机器学习平台（微慕课）,
52,高级大数据系统,https://www.xuetangx.com/course/THU08091000301/7753916
53,数据挖掘：理论与算法,
54,Petri网：模型、理论与应用,https://www.xuetangx.com/course/THU08091000662/7754060
55,Web开发技术,https://www.xuetangx.com/course/CQU08091000603/7753229
56,心理正能量ACE（微慕课）,
57,中国房地产发展之路,https://www.xuetangx.com/course/THU12021000437/7753147
58,社会心理学,https://www.xuetangx.com/course/THU07111000416/7755628
59,胡鞍钢：党的十八大精神的学习辅导报告,
60,全面从严治党与党的建设科学化,
61,讲规矩 成方圆,
62,创客培养：趣味力学实验与制作,https://www.xuetangx.com/course/THU08011000273/7754241
63,智能车制作：电子技术,https://www.xuetangx.com/course/THU08091000434/1076017
64,材料学概论,https://www.xuetangx.com/course/THU08041000262/7753937
65,模拟电子技术应用,https://www.xuetangx.com/course/THU08071000350/7753059
66,电路原理,https://www.xuetangx.com/course/THU08061000294/7754300
67,高级数据库系统,https://www.xuetangx.com/course/BJUT08091000021/7754089
68,日常思考的科学,
69,西游记,
70,运筹学,https://www.xuetangx.com/course/UST12011000595/7753838
71,微软人工智能 _ 深度学习框架和工具,https://www.xuetangx.com/live/live20200705IT001/live20200705IT001/4195276/6010145
72,概率论与数理统计,https://www.xuetangx.com/course/THU07011000299/7735121
73,组合数学,https://www.xuetangx.com/course/THU08091000450/7753948
74,组合数学与算法设计,https://www.xuetangx.com/course/1219129KC0028920intl/4048105
75,清华风物,https://www.xuetangx.com/course/THU04011000360/7753291
76,内部控制与风险管理,https://www.xuetangx.com/course/ZUEL12021000599/7753336
77,高山滑雪入门,https://www.xuetangx.com/course/HIT04021000094/7754352
78,货币金融学,https://www.xuetangx.com/course/FDU02031000062/7754908
79,陈旭：在“两学一做”学习教育全校教职工党支部书记动员部署会暨专题培训班上的讲话,https://www.dangjian.tsinghua.edu.cn/info/1012/4289.htm
80,黄川：在清华大学“两学一做”学习教育全校教职工党支部书记动员部署会暨专题培训班上的报告,
81,胡鞍钢：解读十八届三中全会,https://www.dangjian.tsinghua.edu.cn/info/1034/7950.htm
82,张国祚：解读十八大报告理论热点,http://theory.people.com.cn/n/2012/1128/c40531-19722545.html
83,《共产党宣言》导读,
84,适老居住空间与环境设计,https://www.xuetangx.com/course/THU08281000383/7753290
85,居住地产（微慕课）,
86,高等化工热力学（上）,https://www.xuetangx.com/course/THU08011000300/7769977
87,有机化学,https://www.xuetangx.com/course/THU07031000429/7769950
88,化工单元过程与操作,https://www.xuetangx.com/course/SXPI57021000466/7754610
89,宝玉石概论,
90,中医养生方法学,https://www.xuetangx.com/course/SEU10051000059/7753809
91,摄影构图（微慕课）,
92,信息素养-学术研究的必修课,https://www.xuetangx.com/course/THU12051000419/7753925
93,教＆学微辞典,https://www.xuetangx.com/course/THU04011000329/7769657
94,人体的运动与损伤人体的运动功能(微慕课),
95,实现祖国完全统一的理论（微慕课）,
96,学会学：学习之道,https://www.xuetangx.com/course/NCTU04011000894/7754252
97,计算机操作系统,https://www.xuetangx.com/course/NJU08091000228/7754623
98,基于Linux的C++,https://www.xuetangx.com/course/THU08061000323/7754037
99,导弹总体设计导论,https://www.xuetangx.com/course/NUDT08201000080/7754897
100,金融衍生品,
101,投资学,https://www.xuetangx.com/course/thu02011003130/7754553
102,巅峰对话：分布式计算,
103,大学国文（上）,https://www.xuetangx.com/course/THU05021003401/6166150
104,绿色建筑与可持续发展,https://www.xuetangx.com/course/THU08101000343/7753287
105,经典与思考――人文清华大师面对面,https://www.xuetangx.com/course/THU04011000334/7753085
106,清代建筑概说（微慕课）,
107,财务管理,https://www.xuetangx.com/course/SCU12021001007/5882769
108,高职实用综合英语,https://www.xuetangx.com/course/SXPI05021000465/7754606
109,LabVIEW 基础课程,https://www.xuetangx.com/course/NIX08071000219/7769945
110,测试与检测技术基础,https://www.xuetangx.com/course/THU08031000268/7755518
111,控制工程基础,https://www.xuetangx.com/course/THU08031000336/7754396
112,数字集成电路分析与设计,https://www.xuetangx.com/course/THU08071000387/7754033
113,西方哲学精神探源,https://www.xuetangx.com/course/THU01011000407/7754540
114,自动控制元件,https://www.xuetangx.com/course/HEU08021000089/7754098
115,科学计算与MATLAB语言,https://www.xuetangx.com/course/CSU08091000643/7753213
116,教育社会学,https://www.xuetangx.com/course/THU03031000330/7754227
117,现代生物学导论,https://www.xuetangx.com/course/THU07101000410/7753954
118,对外汉语,https://www.xuetangx.com/course/THU05011000316/7753878
119,电工技术,https://www.xuetangx.com/course/THU08061000293/7755398
120,数字信号分析理论与实践,https://www.xuetangx.com/course/HUST08071000146/7753338
121,微积分B(1),
122,工程制图,https://www.xuetangx.com/course/THU08121000308/7754368
123,通信原理,https://www.xuetangx.com/course/BUPT08071000042
124,卡通说解数字电子技术,
125,数字电子技术,https://www.xuetangx.com/course/CSU08071000639/7753827
126,歌唱启蒙与表演教你成为歌唱达人,
127,电子商务,https://www.xuetangx.com/course/cqu02041000606/10116034
128,数据结构,https://www.xuetangx.com/course/THU08091000384/7755489
129,微积分B(2),
130,Linux系统管理,https://www.xuetangx.com/course/NBCC61021000235/7753288
131,VC++面向对象与可视化程序设计（上）：Windows编程基础,https://www.xuetangx.com/course/THU08091002185/7754181
132,Office办公软件应用,https://www.xuetangx.com/course/HEBUT08091000111/7754398
133,宏观经济形势分析供给侧改革,
134,马克思专题讲座,
135,越王勾践剑与吴越地区的冶铸技术（微慕课）,
136,VC++面向对象与可视化程序设计（下）：MFC编程基础,https://www.xuetangx.com/course/THU08091000256/7754187
137,JAVA程序设计,https://www.xuetangx.com/course/THU08091000251/7753170
138,清华院系概览,https://www.xuetangx.com/course/THU99991000361/7753960
139,公共危机管理,https://www.xuetangx.com/course/THU12041000310/7754381
140,《资治通鉴》导读,https://www.xuetangx.com/course/THU03011000245/7754649
141,研究生学术与职业素养讲座,https://www.xuetangx.com/course/THU00001000420
142,2015年清华大学研究生学位论文答辩（二）,https://www.xuetangx.com/course/THU00001002197/1388861
143,高山滑雪,https://www.xuetangx.com/course/HIT04021000094/7754352
144,微软--计算机视觉论文分享课,https://www.xuetangx.com/course/MICROSOFTX08091000913/7754264
145,2016年清华大学研究生学位论文答辩（一）,https://www.xuetangx.com/course/THU00001002196/1388865
146,基于R语言的社会统计分析,https://www.xuetangx.com/course/THU07011000324/7753385
147,法学高级入门,https://www.xuetangx.com/course/THU03011000298/7769691
148,面向对象程序设计（C++）,https://www.xuetangx.com/course/THU08091000348/7753803
149,光学,https://www.xuetangx.com/course/THU07021000313/7754176
150,弟子规,
151,青少年创客与全球名校申请,https://www.xuetangx.com/course/CIE12021000580/7753300
152,英美音乐与文化,https://www.xuetangx.com/course/SCUT05021000145/5883387
153,生活中的市场营销学,https://www.xuetangx.com/course/KMUST02011000183/7754522
154,金融工程,https://www.xuetangx.com/course/FDU02031000063/7753988
155,国际贸易学,https://www.xuetangx.com/course/SDU02041000457/7754598
156,经济地理与企业兴衰,https://www.xuetangx.com/course/ZUEL12021000598/7753038
157,互联网金融,https://www.xuetangx.com/course/FDU02031000061/7754001
158,图说人际关系心理,
159,国际名酒知识与品鉴,https://www.xuetangx.com/course/JNU13011000621/7753383
160,科学写作,
161,数字图片后期(微慕课),
162,水处理工程-生化技术,https://www.xuetangx.com/course/THU08251000389/7753201
163,环境生态学,https://www.xuetangx.com/course/HUBU08251000126/7754427
164,AP备考环境科学第一部分,
165,电工电子学（下）,https://www.xuetangx.com/course/CQU08071000605/7754819
166,信号与系统分析,https://www.xuetangx.com/course/THU56031000418/7754565
167,微机原理与接口技术,https://www.xuetangx.com/course/XJTU08091000531/7753919
168,计算机网络,https://www.xuetangx.com/course/SCUT08091000715/5881566
169,大数据平台核心技术,https://www.xuetangx.com/course/THU08091000279/1073583
170,中国古代礼义文明（上）,https://www.xuetangx.com/course/THU06011000441/7753177
171,应用信息论基础,https://www.xuetangx.com/course/THU08071000428/7735130
172,生活英语读写,https://www.xuetangx.com/course/THU05021000374/7754454
173,工程应用数学基础,https://www.xuetangx.com/course/NUDT07011000078/7754319
174,人工智能,https://www.xuetangx.com/course/JXUST08091000177/7754122
175,大学计算机教程,https://www.xuetangx.com/course/CAU08091000590/7754329
176,数学实验,https://www.xuetangx.com/course/CQU07011000610/7754892
177,智能车制作：嵌入式系统,https://www.xuetangx.com/course/THU08091000435/1075955
178,计算机程序设计基础,https://www.xuetangx.com/course/thu08091001408/7753906
179,吴参谋消防大讲堂,
180,十面霾伏空气污染与肺疾患(微慕课),
181,日语――自游自在日本行,https://www.xuetangx.com/course/JNU05021000158/7729351
182,古典文学的城市书写,https://www.xuetangx.com/course/SUDA10011001166/7754548
183,明朝心学的智慧发展史：王阳明带你打土匪,
184,国学入门,https://www.xuetangx.com/course/UOH05011000119/7753224
185,高等数学,https://www.xuetangx.com/course/SXPI11111000464/10223520
186,大气污染控制工程,https://www.xuetangx.com/course/THU08251000277/7754958
187,美国政治概论,
188,职业探索与选择,https://www.xuetangx.com/course/THU07111000433/7754585
189,国际金融,https://www.xuetangx.com/course/TJUFE02031001467/7753642
190,Financial Risk Management,
191,运营概论（微慕课）,
192,项目管理导论(微慕课),
193,大学应该怎么学？（微慕课）,
194,什么是经济学(微慕课),
195,花之道（微慕课）,https://www.xuetangx.com/live/live20190905/live20190905/1082262/764051
196,期货市场的运作机制(微慕课),
197,李清照词鉴赏(微慕课),
198,插花造型（微慕课）,https://www.xuetangx.com/live/live20190905/live20190905/1082262/764051
199,隋唐建筑概说（微慕课）,
200,工程伦理,https://www.xuetangx.com/course/THU01011000304/7753072
201,图案色调(微慕课),
202,美是旺盛的生命力（微慕课）,
203,水处理工程-物化技术,https://www.xuetangx.com/course/THU08251000390/7753208
204,2017第四届全国虚拟仪器大赛赛前培训,https://www.xuetangx.com/course/NIX08021000218
205,古希腊爱情观探源（微慕课）,
206,光电仪器设计,https://www.xuetangx.com/course/THU08031000312/7753882
207,水力学,https://www.xuetangx.com/course/THU08111000391/7754177
208,模拟电子技术基础,https://www.xuetangx.com/course/HEBNU08071000114/7769901
209,电路分析基础,https://www.xuetangx.com/course/NCEPU08071001426/7754501
210,合肥学院_电路原理,
211,沈阳工业大学_电路原理,
212,攀枝花学院_电路原理,
213,新疆农业大学_电路分析基础,
214,思想道德修养和法律基础,
215,生活、艺术与时尚：中国服饰七千年,https://www.xuetangx.com/course/THU13011000438/7753067
216,地下水文学（水文学原理及应用（2））,https://www.xuetangx.com/course/THU07051000290/7754088
217,集成传感器,https://www.xuetangx.com/course/THU08071000325/7753842
218,图案审美与创作,https://www.xuetangx.com/course/THU13051000394/7753021
219,现代生活美学,https://www.xuetangx.com/course/THU13011000408/7754542
220,源远流长的中国教育传统（微慕课）,
221,大学历史与文化,https://www.xuetangx.com/course/THU04011000284/7754648
222,混合式学习,
223,商务礼仪,https://www.xuetangx.com/course/ZJFF13031000559/7769693
224,危机决策与领导力（微慕课）,
225,组织行为学――如何有效管理员工行为,https://www.xuetangx.com/course/ZUEL12021000600/7769824
226,金融分析方法,https://www.xuetangx.com/course/THU02031000264/7769704
227,音乐与健康,https://www.xuetangx.com/course/NBU13021000242/7753022
228,教学的奥妙,
229,大学物理1 (力学、热学),https://www.xuetangx.com/course/THU07021000288/7755522
230,中国近现代史纲要,https://www.xuetangx.com/course/THU03051000444/7753193
231,我国周边14个陆地邻国基本情况介绍,https://www.xuetangx.com/course/MIL00001000593/7754328
232,软件设计模式,https://www.xuetangx.com/course/USTC08091000587/7753323
233,软件工程与软件自动化,https://www.xuetangx.com/course/BIT08091000031/7754912
234,创业启程,https://www.xuetangx.com/course/THU08091000813/7769636
235,力学,https://www.xuetangx.com/course/jlu08011005108/7891867
236,审美的历程,https://www.xuetangx.com/course/THU13011000371/7753066
237,线性代数-N维向量（微慕课）,
238,创办新企业,https://www.xuetangx.com/course/THU67011000860/7769633
239,走进医学,https://www.xuetangx.com/course/THU10021000448/7754592
240,数据库系统（上）：模型与语言(自主模式),
241,数据库系统（下）：管理与技术(自主模式),
242,《论语》人生课堂,https://www.xuetangx.com/course/HLJU03051000118/7755259
243,工程材料,https://www.xuetangx.com/course/THU08041000303/7755568
244,英美概况地理语言篇,
245,英语语音,https://www.xuetangx.com/course/HUBU05021000130/7754348
246,钢琴弹奏基础,https://www.xuetangx.com/course/NEU00001000650/7770062
247,西班牙语初级,https://www.xuetangx.com/course/SCUT05021000654/7754401
248,英语语法和写作风格,
249,英语畅谈中国,https://www.xuetangx.com/course/HUBU05021000129/7753174
250,初级汉语口语,https://www.xuetangx.com/course/BNU05011000709/7753881
251,生活英语进阶,https://www.xuetangx.com/course/THU05021000375/7752982
252,主题英语,https://www.xuetangx.com/course/CSU05021000634/7754108
253,会计学原理,https://www.xuetangx.com/course/THU12021000321/7753956
254,传播学原理,https://www.xuetangx.com/course/THU05031000271/7770051
255,成人礼（微慕课）,
256,机械设计,https://www.xuetangx.com/course/HIT08021000098/1075784
257,《论语》的智慧,https://www.xuetangx.com/course/XJTU00001000527/7754618
258,量子力学（下）,https://www.xuetangx.com/course/THU07021000340/7753293
259,核辐射物理及探测学,https://www.xuetangx.com/course/THU08221000317/7755626
260,刑事审判心理学,
261,数字时代的医学,
262,危机谈判（微慕课）,
263,结构力学,https://www.xuetangx.com/course/CQU07021000608/7734185
264,汽车造型设计二维表达,https://www.xuetangx.com/course/THU13051000358/7754058
265,中国建筑史（下）,https://www.xuetangx.com/course/THU08281001605/7754678
266,互联网大规模数据分析技术,https://www.xuetangx.com/course/WHUT08091000522/7753234
267,网络安全概述,https://www.xuetangx.com/course/XUETANGX08091000243/7769886
268,计算机网络导论,
269,如何写好科研论文,https://www.xuetangx.com/course/THU04011000365/7754650
270,信号与线性系统,https://www.xuetangx.com/course/HUBU08071000127/7754430
271,数据结构-向量（微慕课）,
272,热带海岸线生态系统,
273,项目管理,https://www.xuetangx.com/course/kmust12011002920/7755091
274,中医说什么（微慕课）,
275,PLC应用技术,https://www.xuetangx.com/course/SXPI56031000460/7753589
276,婚恋・职场・人格,https://www.xuetangx.com/course/WHUT07111000523/7753080
277,知识产权法,https://www.xuetangx.com/course/TJU03011000514/7753161
278,CATTI翻译资格水平考试笔译备考基础课,https://www.xuetangx.com/course/shnu05021000067/7754310
279,大唐兴衰,https://www.xuetangx.com/course/THU02011000282/7754520
280,抗美援朝战争简介（微慕课）,
281,足球战术（微慕课）,
282,C程序设计基础,https://www.xuetangx.com/course/THU08091000247/7771136
283,心性之学与大学之道（微慕课）,
284,长恨歌（微慕课）,
285,止于至善（微慕课）,
286,花材与插花配色（微慕课）,
287,项目管理概论,https://www.xuetangx.com/course/NANKAI12021000233/7754627
288,歌唱达人练习法（微慕课）,
289,名人的音乐处方单（微慕课）,
290,网络、群体与市场,https://www.xuetangx.com/course/WHUT08091000524
291,住宅精细化设计,https://www.xuetangx.com/course/THU08281000445/7754590
292,微软亚洲研究院大数据系列讲座,https://www.xuetangx.com/course/MICROSOFTX08091000010/7755629
293,AWS云基础及产品课程（进阶课程）,
294,中国多民族建筑（微慕课）,
295,摄影曝光（微慕课）,
296,管理会计学,https://www.xuetangx.com/course/SWUFE12021000539/7753024
297,出口业务操作,https://www.xuetangx.com/course/ZFC00001000561/7753604
298,日语初级,https://www.xuetangx.com/course/SCUT05021000144/7754465
299,园林植物景观学原理与方法,https://www.xuetangx.com/course/TJU08281000512/7753921
300,运营管理,https://www.xuetangx.com/course/TJU12011000513/7754007
301,Learn Mandarin Chinese: Start Talking with 1.3 Billion People,
302,大学化学Ⅰ,https://www.xuetangx.com/course/THU07031000283/7754043
303,初识计算机网络（微慕课）,
304,汽车发动机原理,https://www.xuetangx.com/course/THU08181000354/7754109
305,电路与电工实验,https://www.xuetangx.com/course/HUBU08061000123/7754413
306,环境工程CAD,https://www.xuetangx.com/course/ZJU08251000557/7754885
307,跨境电商实务,https://www.xuetangx.com/course/ZFC63051000563/7754269
308,中国茶道,https://www.xuetangx.com/course/HAU09011000137/7754448
309,暖通空调,https://www.xuetangx.com/course/THU08051000351/7754414
310,20世纪西方音乐,https://www.xuetangx.com/course/PKU13021000017/7753164
311,元明城市与建筑（微慕课）,
312,汽车碰撞安全基础,https://www.xuetangx.com/course/THU08181000357/7754416
313,汽车理论,https://www.xuetangx.com/course/THU08181000356/7754175
314,AWS University AWSome Day（认证课程）,
315,慕课问道,https://www.xuetangx.com/course/PKU04011000019/7753188
316,走近冬奥会,https://www.xuetangx.com/course/BSU04021000546/7753967
317,中医与诊断-学做自己的医生,https://www.xuetangx.com/course/JNU10051000164/7754500
318,冰壶,
319,时尚化妆造型,https://www.xuetangx.com/course/ZJFF00001000560/7753520
320,自我塑造：成功五要素,https://www.xuetangx.com/course/HIT04011000110/7753133
321,中国哲学经典著作导读,https://www.xuetangx.com/course/XJTU01011000535/7753203
322,跟我学如何挑选服装,https://www.xuetangx.com/course/ZJFF00001000558/7753350
323,风景园林规划设计,
324,不朽的艺术：走进大师与经典,https://www.xuetangx.com/course/THU13011000261/7753020
325,会计信息系统,https://www.xuetangx.com/course/HIT12021000097/7754799
326,电气控制系统装接与调试,https://www.xuetangx.com/course/SXPI56031000462/7754603
327,太阳能,
328,大学物理电磁学,
329,C君带你玩编程,https://www.xuetangx.com/course/KMUST08091000180/7753768
330,有机结构波谱分析,https://www.xuetangx.com/course/YSU07031000554/7754243
331,分析化学,https://www.xuetangx.com/course/GLUT07031000916/7753794
332,生产计划与控制,https://www.xuetangx.com/course/THU12071000372
333,金融工程概述（微慕课）,
334,系统化产品设计与开发,https://www.xuetangx.com/course/THU12071000714/7753285
335,光学工程基础,https://www.xuetangx.com/course/THU08031000314/7754063
336,艺术心理学,https://www.xuetangx.com/course/JSU07111000176/7754117
337,社会创新与创业,https://www.xuetangx.com/course/THU12021000370/7769821
338,新闻摄影,https://www.xuetangx.com/course/THU05031000417/7754562
339,应对气候变化的中国视角,https://www.xuetangx.com/course/THU08251000427/7769912
340,大学美育,https://www.xuetangx.com/course/SCUT13011000828/5881463
341,英美概况,https://www.xuetangx.com/course/HUBU05021000128/7769948
342,信息隐藏技术,https://www.xuetangx.com/course/nankai080910028071/7753381
343,地质学与工程地质,https://www.xuetangx.com/course/THU08141000291/7754867
344,项目成本管理,https://www.xuetangx.com/course/buaa1202zw/7754137
345,我军自卫作战战例研究（微慕课）,
346,嵌入式系统设计,https://www.xuetangx.com/course/EST08091000052/7753931
347,C程序设计进阶,https://www.xuetangx.com/course/THU08091000248/7771140
348,饮食养生（微慕课）,
349,网页创意与艺术设计,https://www.xuetangx.com/course/SZIIT65021000957/7753973
350,华文教育技术与实践,https://www.xuetangx.com/course/JNU04011000154/7753144
351,通用学术英语（先修课）,
352,聘礼（微慕课）,
353,IC设计与方法,https://www.xuetangx.com/course/THU08071000250/7753871
354,2017年清华大学研究生学位论文答辩（二）,https://www.xuetangx.com/course/THU00001002200/1388893
355,计算思维导论,https://www.xuetangx.com/course/BUCEA08091001383/7753614
356,辛弃疾词鉴赏(微慕课),
357,大学物理2 (电磁学、光学和量子物理),https://www.xuetangx.com/course/THU07021000289/7755523
358,文化心理学（微慕课）,
359,无机与分析化学,https://www.xuetangx.com/course/XJTU07031000532/1219471
360,最正宗的儒家婚礼是怎样的（微慕课）,
361,足球运动的规则,
362,危机管理要义（微慕课）,
363,危机沟通与新媒体（微慕课）,
364,明清古典园林（微慕课）,
365,传统社会的婚姻家庭,https://www.xuetangx.com/course/HUBU06011000120/7753498
366,运动与健康,https://www.xuetangx.com/course/HUBU10011000132/7755147
367,形势与政策,https://www.xuetangx.com/course/XJTU03051000619/7754641
368,运动与解剖学,https://www.xuetangx.com/course/HUBU10011000133/7754139
369,足球裁判法,https://www.xuetangx.com/course/NEU04021000911/7754263
370,现代汉语言语交际,https://www.xuetangx.com/course/NCU05011000226
371,马克思主义基本原理,https://www.xuetangx.com/course/THU03051000344/7754301
372,环境地学原理,https://www.xuetangx.com/course/BNU07051000035/7754081
373,黄金几分钟急诊（心肺复苏）、灾难医学(微慕课),
374,走进性科学,https://www.xuetangx.com/course/FJNU00001000060/7753210
375,科举与唐诗,https://www.xuetangx.com/course/ZZU05011000868/7769881
376,排球,https://www.xuetangx.com/course/BSU04021000696/7754482
377,半导体元件物理,
378,唐宋词鉴赏,https://www.xuetangx.com/course/THU05011000393/7754506
379,微观经济学原理（先修课）,https://www.xuetangx.com/course/RUC02011000591/7769921
380,流体机械基础,https://www.xuetangx.com/course/THU08021000341/7753914
381,燃烧理论,https://www.xuetangx.com/course/THU08051000362/7753910
382,ARM微控制器与嵌入式系统,https://www.xuetangx.com/course/THU08091000246/7754632
383,人文视野中的生态学,https://www.xuetangx.com/course/JLU08251000149/7753095
384,大学计算机――计算思维的视角,https://www.xuetangx.com/course/SDU08091000453/1104922
385,医学寄生虫学,https://www.xuetangx.com/course/THU10011000422/7754324
386,设计的人因与文化,https://www.xuetangx.com/course/THU12011000369/7769981
387,科学传播公开课,
388,生物医学成像学导论,https://www.xuetangx.com/course/1232485fu051101intl/4047415
389,北京的文学写作与记忆（微慕课）,
390,中国古代的经络学说（微慕课）,
391,药膳养生（微慕课）,
392,南唐后主李煜词鉴赏(微慕课),
393,孝亲之礼（微慕课）,
394,上有天堂下有苏杭（微慕课）,
395,家训（微慕课）,
396,车臣战争简介（微慕课）,
397,越南抗美抗法战争简介（微慕课）,
398,运动也能养生（微慕课）,
399,中东战争（微慕课）,
400,伊拉克战争简介（微慕课）,
401,海湾战争简介（微慕课）,
402,阿富汗战争简介（微慕课）,
403,冰壶入门（微慕课）,
404,基础乐理（微慕课）,
405,希腊哲学概览（微慕课）,
406,认识照相机(微慕课),
407,陆游词鉴赏(微慕课),
408,公共管理学,https://www.xuetangx.com/course/NUDT12041000081/7753386
409,航天器轨道力学,https://www.xuetangx.com/course/NUDT08201000082/7753304
410,水分析化学,https://www.xuetangx.com/course/HIT08011000104/7754388
411,足球技术（微慕课）,
412,自然灾害,
413,大学物理-相对论和量子物理,https://www.xuetangx.com/course/SDU07021000456/7769883
414,现代管理学,https://www.xuetangx.com/course/NJUST12021000231/7754913
415,音乐健康说（微慕课）,
416,中西音乐养生与治疗（微慕课）,
417,楚汉之争（微慕课）,
418,吕不韦奇货可居（微慕课）,
419,贞观之治（微慕课）,
420,宫商角徵羽（微慕课）,
421,罄竹难书隋炀帝,
422,汉武大帝：霸王道杂之（微慕课）,
423,王莽篡汉（微慕课）,
424,药物化学,https://www.xuetangx.com/course/gmc10071001163/7754407
425,软件测试,https://www.xuetangx.com/course/NWPU08091000536/7753152
426,货币及对外贸易政策,
427,介质辐射传热,https://www.xuetangx.com/course/THU07021000332/7754394
428,微观化学世界,
429,大学物理力学与热学,
430,中原文化（武术篇）,https://www.xuetangx.com/course/ZZU04021000566/7754277
431,精确制导器术道,https://www.xuetangx.com/course/NUDT08201000083/7755607
432,携手向花间――昆曲经典剧目欣赏,https://www.xuetangx.com/course/THU13031000415/7753958
433,原来姹紫嫣红开遍――昆曲艺术欣赏,https://www.xuetangx.com/course/THU13031000432/7753153
434,毛泽东思想和中国特色社会主义理论体系概论,https://www.xuetangx.com/course/THU03051000346/7754304
435,西方思想经典与现代社会,https://www.xuetangx.com/course/THU01011000406/7753118
436,华文教学的理念与方法,https://www.xuetangx.com/course/JNU04011000153/7753384
437,医的奥秘,https://www.xuetangx.com/course/THU10011000421/7754572
438,现代物流与供应链管理,https://www.xuetangx.com/course/XJTU12061000533/7755581
439,理论?制度?道路中国特色社会主义理论与实践研究,
440,大学计算机基础,https://www.xuetangx.com/course/SCUT08071000813/7755089
441,文物精品与文化中国,https://www.xuetangx.com/course/THU01011000405/7754652
442,项目采购与合同管理,https://www.xuetangx.com/course/XJTU12011000534/9949884
443,大学葡萄牙语,https://www.xuetangx.com/course/HUBU05021000122
444,数据库系统（中）：建模与设计(自主模式),
445,工程经济学,https://www.xuetangx.com/course/SCU12071000477/7769943
446,微电子工艺,https://www.xuetangx.com/course/HIT08071000106-01/4001406
447,国际结算操作,https://www.xuetangx.com/course/ZFC63051000562/7754262
448,外贸单证操作,https://www.xuetangx.com/course/ZFC63051000564/7753393
449,高等反应工程,https://www.xuetangx.com/course/ECUST08131000138/7754450
450,广播电视广告（理论）,https://www.xuetangx.com/course/HUBU13051000125/7753341
451,循环经济与可持续发展型企业,https://www.xuetangx.com/course/BNU02011000039/7753852
452,运动训练学,https://www.xuetangx.com/course/WZU04021000518/7769944
453,口腔探密,https://www.xuetangx.com/course/NCU10011000222
454,食物营养与食品安全,https://www.xuetangx.com/course/csu10041000601/7753480
455,职业与创业胜任力,https://www.xuetangx.com/course/NJU00001000230/7753120
456,船舶在波浪中运动的势流理论,https://www.xuetangx.com/course/HEU00001000087/7753259
457,人机工程学,https://www.xuetangx.com/course/SJU13051000541/7753348
458,《道德经》的智慧启示,https://www.xuetangx.com/course/OUC05011000585/7769816
459,探秘身边的材料材料与社会,
460,细胞神经科学,
461,大学生心理健康,https://www.xuetangx.com/course/THU07111000285/7754261
462,无处不在传染病,
463,人体解剖学,https://www.xuetangx.com/course/NCU10011000223/7753773
464,经典导读与欣赏,https://www.xuetangx.com/course/SWU05011000540/7753084
465,纺织技术管理,https://www.xuetangx.com/course/SXPI08161000463/7754604
466,计算神经科学,
467,生死学,https://www.xuetangx.com/course/GZHU01011000069/7770070
468,高等流体力学,https://www.xuetangx.com/course/HEU07021000088/7753253
469,外贸跟单实务,https://www.xuetangx.com/course/SXPI63051000470/7753561
470,电子政务,https://www.xuetangx.com/course/thu1209353002895/7753011
471,医学伦理学,https://www.xuetangx.com/course/XJTU01011000920/7753369
472,互换性与测量技术基础,https://www.xuetangx.com/course/HIT08021000096/7754354
473,医学免疫学,https://www.xuetangx.com/course/NCU10011000227/7753845
474,物理与人类未来,https://www.xuetangx.com/course/NEU07021000054/7753113
475,不负卿春――大学生职业生涯规划,https://www.xuetangx.com/course/KMUST04011000181/7753051
476,创新土地再开发：土地整备（自主模式）,
477,设计思维,https://www.xuetangx.com/course/XPU13051000526/10117648
478,寄生虫与公共卫生,https://www.xuetangx.com/course/FAFU09041000865/7753578
479,道路交通环境保护,https://www.xuetangx.com/course/HIT08301000850/7753236
480,艺术的启示,https://www.xuetangx.com/course/THU08091000423/7754653
481,足球运动与科学,https://www.xuetangx.com/course/THU04021000449/7754596
482,中国石油文化,https://www.xuetangx.com/course/CUP06011000597/7753212
483,技术创新简史,https://www.xuetangx.com/course/BJTU06011000024/7753127
484,关爱健康・从齿开启,https://www.xuetangx.com/course/XUETANGX10031000025/7753867
485,建筑概预算与工程量清单,https://www.xuetangx.com/course/SXPI54051000468/7753923
486,华文趣味教学法,https://www.xuetangx.com/course/JNU04011000155/7753390
487,信息素养与终身学习,https://www.xuetangx.com/course/SICNU08071001082/7755133
488,职场需要的18种能力,https://www.xuetangx.com/course/SZU00001000471/7754365
489,建筑施工技术,https://www.xuetangx.com/course/SXPI54031000469/7754881
490,单片机原理及应用,https://www.xuetangx.com/course/MYVTC61021000848/7729337
491,线性代数-矩阵（微慕课）,https://www.xuetangx.com/course/CQU07011001100/7753961
492,编译技术,https://www.xuetangx.com/course/XIYOU08091000673/7754433
493,钢琴艺术及名著欣赏,https://www.xuetangx.com/course/NEU11111000649/7753314
494,现代生活美学――花香茶之道,https://www.xuetangx.com/course/THU65031000409/7754078
495,市场环境下的企业经营,
496,军事理论,https://www.xuetangx.com/course/SEU03031000779/7754798
497,船舶文化,https://www.xuetangx.com/course/ZJVTIT06011000632/7735105
498,室内花草栽培技术与装饰布景,https://www.xuetangx.com/course/LZU09011000201/7754584
499,高等分离工程,https://www.xuetangx.com/course/ECUST07031000854/7754600
500,计算机绘图,https://www.xuetangx.com/course/NBDHY08021001085/7754014
501,动画剧本创作,https://www.xuetangx.com/course/CDU13031000048/7754260
502,高技术与现代局部战争,https://www.xuetangx.com/course/THU00001000302/7769922
503,法律人看婚姻家事,https://www.xuetangx.com/course/JNU03011000686/7754097
504,自然辩证法,https://www.xuetangx.com/course/NWPU01011000732/7753207
505,文化差异与跨文化交际,https://www.xuetangx.com/course/ZZU03031000691/7754477
506,习近平新时代中国特色社会主义思想,https://www.xuetangx.com/course/THU03051000744/7753125
507,运动生理学,https://www.xuetangx.com/course/suda04021005248/8841309
508,美术鉴赏,https://www.xuetangx.com/course/HEBUT13041000683/7753834
509,生活中的财务,https://www.xuetangx.com/course/LUIBE00001000730/7754529
510,AP备考生物学第四部分,
511,AP备考环境科学第三部分,
512,工科数学分析（一）,https://www.xuetangx.com/course/BUAA07011000023/7753810
513,电动力学（下）,https://www.xuetangx.com/course/THU07021001020/7754400
514,电动力学（上）,https://www.xuetangx.com/course/THU07021000292/7754786
515,决胜移动互联网：创业者的商业模式课,https://www.xuetangx.com/course/XUETANGX00001000544/7753086
516,自动控制原理,https://www.xuetangx.com/course/NUDT08081000086/7754959
517,2017年清华大学研究生学位论文答辩（一）,https://www.xuetangx.com/course/THU00001000876/1388891
518,财务分析与决策,https://www.xuetangx.com/course/THU02031000264/7769704
519,入党发展党员工作动漫片,
520,线性代数（先修课）,
521,市场类型与企业竞争,
522,PPP理论与实践,https://www.xuetangx.com/course/THU12041000255/7753192
523,微软人工智能概览,https://www.xuetangx.com/course/goc092608/9792939
524,行政职业能力提升,https://www.xuetangx.com/course/JNU03031000858/7753027
525,微积分,https://www.xuetangx.com/course/THU07011000401/7735104
526,学术英语,https://www.xuetangx.com/course/SCUT05021000688/5882829
527,管理咨询,https://www.xuetangx.com/course/JNU12011000620/7753392
528,LabVIEW进阶课程,https://www.xuetangx.com/course/NIX08071000220/7754621
529,时域测试技术综合实验,https://www.xuetangx.com/course/EST08071000053/7754107
530,工程热力学（下）,https://www.xuetangx.com/course/THU08051000306/7754366
531,工程热力学（上）,https://www.xuetangx.com/course/THU08051000305/7754351
532,建筑室内热环境模拟及应用,https://www.xuetangx.com/course/THU08101000328/7754883
533,AWS 云计算培训课程-云计算解决方案架构师之路（进阶课程）,
534,智能设备应用开发（基于Android平台）,https://www.xuetangx.com/course/SICT61021000959/7753536
535,新生儿科学,https://www.xuetangx.com/course/cdutcm10021003450/7754743
536,无人机系统概论,
537,安全学原理,https://www.xuetangx.com/course/XUST00001001538/7755007
538,Electricity & Magnetism,
539,动力学,https://www.xuetangx.com/course/THU07021001020/7754400
540,运动心理学,https://www.xuetangx.com/course/BSU04021000698/7754492
541,Web前端攻城狮,https://www.xuetangx.com/course/THU08091000257/7754634
542,开元诸相浮沉录（微慕课）,
543,光武中兴(微慕课),
544,财政政策与税制改革,https://www.xuetangx.com/live/live20200303/live20200303002/3879497/3222196
545,界面设计导论,https://www.xuetangx.com/course/THU13051000657/7753292
546,清华新兴技术探究[MBA],
547,管理经济学[MBA],https://www.xuetangx.com/course/THU02011000269/7769830
548,数据、模型与决策[MBA],
549,中国与世界经济[MBA],
550,大学物理振动、波动与光学,
551,英文写作指导――写作入门,
552,云计算与软件工程第I部分,
553,AWS人工智能系列课程（进阶课程）,https://www.xuetangx.com/course/rcoe04011001196/7754672
554,语言学概论,https://www.xuetangx.com/course/HUBU05021000131/7754442
555,身边的营养学,https://www.xuetangx.com/course/PKU10041000675/7754295
556,大学物理（先修课）-力学,
557,微软人工智能 _ 服务和API,
558,如何撰写《思想汇报》,
559,王民忠：十八届六中全会精神学习辅导,
560,如何做一名合格的党支部书记,
561,共产党长期执政的合法性,
562,初级财务会计,
563,JAVA程序设计进阶,https://www.xuetangx.com/course/THU08091000252/7754101
564,中国古代礼义文明（下）,https://www.xuetangx.com/course/THU06011000441/7753177
565,国民经济运行与统计,
566,Human Factors and Culture in Design,https://www.xuetangx.com/course/thu12011000369intl/3994967
567,汽车构造（2）,
568,技术创新管理,https://www.xuetangx.com/course/CIE12021000579/7769639
569,儒家修身之道,https://www.xuetangx.com/course/THU01011000366/7753060
570,微软人工智能 _ 数据分析平台,https://www.xuetangx.com/course/thu0401fu070803/4252593
571,沟通心理学,https://www.xuetangx.com/course/HIT10011000095/7753076
572,AP备考生物学第一部分,
573,大学英文写作（上）,https://www.xuetangx.com/course/NUDT05021000075/7753175
574,中国传统文化,https://www.xuetangx.com/course/XJTU05011000163/7753171
575,AWS 云计算--Amazon ML 机器学习实战,
576,量化金融信用与风控分析,
577,一代女皇武则天(微慕课),
578,证券投资分析,https://www.xuetangx.com/course/CDUT02031000782/7769939
579,学做小程序,https://www.xuetangx.com/course/THU0809102418/2300843
580,金融工程导论,https://www.xuetangx.com/course/THU02031000333/7754076
581,中国广告简史,https://www.xuetangx.com/course/FZXY06011000906/7753565
582,大学物理-力学和热学,https://www.xuetangx.com/course/SDU07021000455/7753839
583,Thermal Management and Cooling Technologies of Electronic Packages and Data Center,
584,看影视学社交礼仪,
585,探索台湾当代金工艺术（一）,
586,感觉与知觉,
587,大脑感知与行动：系统神经科学,
588,创业101：你的客户是谁？,
589,财务分析与估值,https://www.xuetangx.com/course/THU12021000263/7769722
590,AWS 云服务部署和迁移课程（进阶课程）,
591,云上的数据分析-实时流处理在AWS上的实现与实践,
592,创・课十讲：下一只独角兽的摇篮课,https://www.xuetangx.com/course/cie13031000567/7754447
593,现代生活美学――插花之道,https://www.xuetangx.com/course/THU13011000408/7754542
594,2015年清华大学研究生学位论文答辩（一）,https://www.xuetangx.com/course/THU00001002198/1388838
595,视觉语言,https://www.xuetangx.com/course/THU13011000382
596,英文科技论文写作与学术报告,https://www.xuetangx.com/course/XJTU08081000424/7754578
597,分子生物学原理与技术,
598,质性研究方法,https://www.xuetangx.com/course/PKU04011000020/7753271
599,庄子哲学导读,https://www.xuetangx.com/course/THU01011000446/7753205
600,公共管理前沿,https://www.xuetangx.com/course/THU12021000309/7769925
601,图像处理与分析,https://www.xuetangx.com/course/WHU08121000520/7754074
602,走进心理学,https://www.xuetangx.com/course/THU07111000658/7734787
603,营商的法律智慧：商法,
604,MOOC学习,https://www.xuetangx.com/live/live20200624c001/live20200624c001/4173231/5940092
605,如何玩转学堂云平台,
606,创业成功第一步：写好商业计划书,
607,影视广告设计,https://www.xuetangx.com/course/HUBU13051000684/7753245
608,中国建筑史,https://www.xuetangx.com/course/THU08281001605/7754678
609,产品开发设计,https://www.xuetangx.com/course/WHUT13051000521/7753315
610,营销：人人都需要的一门课,https://www.xuetangx.com/course/THU12021000425/7769701
611,摄影测量原理与应用,https://www.xuetangx.com/course/WHU08121000519/7753886
612,测试系统集成技术,https://www.xuetangx.com/course/EST08091000051/7755338
613,民法与生活,https://www.xuetangx.com/course/JNU03011000653/7753093
614,《红楼梦》的空间艺术,https://www.xuetangx.com/course/JNU05011000152/7753042
615,比较宪法,https://www.xuetangx.com/course/THU03011000259/7753137
616,高等数学实战宝典（上）,
617,中国传统艺术――篆刻、书法、水墨画体验与欣赏,https://www.xuetangx.com/course/HIT13041000108/5882776
618,移动互联网开发,https://www.xuetangx.com/course/JSU08091000175/7753530
619,AP备考生物学第二部分,
620,简明有机化学（先修课）,https://www.xuetangx.com/course/XJTU07031000529/7754909
621,投资银行学,https://www.xuetangx.com/course/ynufe02031003926/7753996
622,金融市场与金融机构,
623,古诗今读,https://www.xuetangx.com/course/BLCU05011000044/7753166
624,计算机科学导论,
625,产业组织理论,https://www.xuetangx.com/course/THU02011000269/7769830
626,关于中国特色社会主义的几个重要问题,
627,大学物理1,https://www.xuetangx.com/course/THU07021000288
628,英语语法与写作,https://www.xuetangx.com/course/JNU05021000162/7754490
629,市场失灵与政府职能,
630,创业基础,https://www.xuetangx.com/course/ZUEL12021001007/7753058
631,宏观经济学,https://www.xuetangx.com/course/dlmu02011002121/7755226
632,大学国文――先秦至唐文学赏析,https://www.xuetangx.com/course/SEU05011000055/5882629
633,大学国文――北宋至现代文学赏析,https://www.xuetangx.com/course/SEU12021000056/5882641
634,市属公积金【农行组合贷】流程及备件,
635,电工学,
636,电工基础与电子设计,https://www.xuetangx.com/course/QHU00001000952/7754084
637,算法训练营（专题课）,
638,软件即服务 (SaaS) - 第 2 部分,
639,党的知识概论,
640,电路与电子学 (Circuits and Electronics),
641,为公司把把脉,
642,中国建筑史――史前至两宋辽金,https://www.xuetangx.com/course/THU08281000443/7754587
643,多元统计分析及R语言建模,https://www.xuetangx.com/course/JNU07011000851/7754599
644,工程图学,https://www.xuetangx.com/course/lyu08101006166/10163415
645,AP备考环境科学第二部分,
646,文献管理与信息分析,https://www.xuetangx.com/course/USTC12051000588/7754297
647,经济学的思维方式与供求原理,
648,Nutrition and Health Part 1: Macronutrients and Overnutrition,
649,英文写作指导――润色提升,
650,嵌入式系统理论与技术,https://www.xuetangx.com/course/WUST08091000628/7754385
651,工科数学分析（二）,https://www.xuetangx.com/course/BUAA07011000022/7754163
652,天线原理,https://www.xuetangx.com/course/HIT08071000105
653,飞机推进系统原理,https://www.xuetangx.com/course/AFEU08201000652/7769668
654,免疫学基础――第Ⅰ部分,https://www.xuetangx.com/course/thuP10011001612/7755042
655,机械振动,https://www.xuetangx.com/course/NWPU08021000713/7753883
656,财务分析基础,
657,公益众筹,
658,AP备考生物学第三部分,
659,教育学导引,https://www.xuetangx.com/course/THU04011000331/7754189
660,普通生物学（先修课）,
661,神奇的材料世界,https://www.xuetangx.com/course/GIT07031000073/7755002
662,u.lab 0x: 基于觉察的系统创变：感知和共创未来,
663,助教如何走向卓越,
664,大学化学（先修课）,
665,《砌体结构》（全英课）,
666,构型设计制图,https://www.xuetangx.com/course/SCUT13051000954/5883703
667,岭南文化,
668,生物医药实验室安全知识,https://www.xuetangx.com/course/JNU08301000623
669,u.lab 1x：向未来学习 引领系统创变,
670,局部解剖与手术学,https://www.xuetangx.com/course/KMUST10011000182/7753535
671,微积分多元函数与重积分,https://www.xuetangx.com/course/THU07011000401/7735104
672,大学物理（力学）,
673,计算机文化基础,https://www.xuetangx.com/course/THU08091000326/7769926
674,插花艺术,https://www.xuetangx.com/course/NBCC65011000236/7754629
675,EXAM_中国建筑史,
676,财务报表分析,https://www.xuetangx.com/course/HUST12021000946/7754093
677,电路分析,https://www.xuetangx.com/course/GDOU07021002334/7754292
678,AWS 云安全--数据加密和密钥管理,
679,宏观经济体制与核算,
680,全球数字经济环境下的创新创业与技能发展,https://www.xuetangx.com/course/thu0401fu070803/4252593
681,理解马克思,https://www.xuetangx.com/course/NJU01011000229/7753090
682,视觉传达设计思维与方法,https://www.xuetangx.com/course/THU13051000381/7754026
683,影视制作入门,https://www.xuetangx.com/course/THU13031000426/7753235
684,国际市场营销学,https://www.xuetangx.com/course/PKU02011000856/4231111
685,AP备考环境科学第四部分,
686,智圆行方的世界： 中国传统文化概论,https://www.xuetangx.com/course/JNU05011000163
687,走近马克思,https://www.xuetangx.com/course/jnu03051000682/7754343
688,五分钟轻松搞定职场礼仪,
689,民族声乐进阶密码――石春轩子教学示范课堂,https://www.xuetangx.com/course/ECNU13021000672/7754767
690,聆听台湾的音乐,
691,“案”说生活法律,https://www.xuetangx.com/course/NBCC11111000234
692,揭开潜意识的奥秘,
693,针灸学,https://www.xuetangx.com/course/CDUTCM10051000784/7754045
694,无服务器架构系列讲解 - Lambda + API Gateway,
695,亚历山大大帝伟大吗？,
696,AP备考生物学第五部分,
697,高等数学习题课――一元函数微分学与不定积分,
698,廉颇蔺相如列传,
699,社会主义民主与法治,
700,自我认知与情绪管理,https://www.xuetangx.com/course/HIT01011000109/7753033
701,灾害风险管理,https://www.xuetangx.com/course/FZXY07051000903/7754053
702,欧盟经济,https://www.xuetangx.com/course/PKU02041000873/7753965
703,自然灾害概论,https://www.xuetangx.com/course/FZXY07051000910/7754054
704,服装数字科技,https://www.xuetangx.com/course/BIFT13051000746/7754547
705,邮票上的昆虫学,
706,昆虫.意象.哲学,https://www.xuetangx.com/course/FAFU01011000870/7754609
707,服装概论,https://www.xuetangx.com/course/XPU13011000525/10117653
708,钻井与完井工程,https://www.xuetangx.com/course/SWPU08151000724/7753532
709,科举与中国文化,
710,工程职业伦理,https://www.xuetangx.com/course/THU01011000307/7753074
711,自然保护与生态安全：拯救地球家园,https://www.xuetangx.com/course/JNU08251000165/7753142
712,固体废物处置与资源化,https://www.xuetangx.com/course/BNU08251000034/7753889
713,新生数学基础预修,
714,新生大学生活导学,
715,初级管理会计,
716,中级管理会计,
717,中级财务会计,https://www.xuetangx.com/course/jmu0202ZW/9864528
718,大学英语拓展模块（跨文化交际）,https://www.xuetangx.com/course/ncepuP0502004161/7754244
719,药物分析,https://www.xuetangx.com/course/SHZU10071000472/7753836
720,e时代的新助教,
721,扬州大学_电路分析基础,
722,思伦理看科学：一场思辩之旅,
723,食物与健康,
724,宗教和嘻哈文化,
725,创业领导力：美国宇航局的4D卓越团队明星课,
726,跨国经营与管理,https://www.xuetangx.com/course/XMUT12021000869/7753511
727,采油工程,https://www.xuetangx.com/course/CUP08151000748/7753343
728,Introduction to Probability: The Science of Uncertainty,
729,史学名家的治史历程与方法,https://www.xuetangx.com/course/BNU06011000883/7754611
730,2014年清华大学研究生学位论文答辩（一）,https://www.xuetangx.com/course/THU00001000359/1388813
731,管理学原理,https://www.xuetangx.com/course/ZAFU12021000661/7769928
732,急救护理学,
733,华为成功之道：人力资源管理的最佳实践,https://www.xuetangx.com/course/THU00001000420/7754173
734,激光及其应用,https://www.xuetangx.com/course/THU00001000965/7754039
735,冰壶运动,https://www.xuetangx.com/course/HIT04021000090/7754337
736,大学生安全与保护,https://www.xuetangx.com/course/PPSUC02031000065/7753056
737,文科物理学――生活中的物理,https://www.xuetangx.com/course/JNU07021000160/7753081
738,传热与流体流动的数值计算,https://www.xuetangx.com/course/HEU99991000648/7753257
739,细胞生物学：细胞社会的奥秘,https://www.xuetangx.com/course/JNU08301000624/7755191
740,培育和践行社会主义核心价值观,
741,中国建筑史――元明清与民居,https://www.xuetangx.com/course/THU08281001605/7754678
742,土力学,https://www.xuetangx.com/course/THU08101000395/7754512
743,中国工笔人物画赏析与创作,https://www.xuetangx.com/course/THU13041000266/7753319
744,AP Biology - Part 1: The Cell,
745,Advanced Java Programming,
746,宇宙中心的英语听说课,https://www.xuetangx.com/course/THU05021003400/6086285
747,社会统计学(中级),https://www.xuetangx.com/course/THU07011000324/7753385
748,科研伦理与学术规范,https://www.xuetangx.com/course/BNU03031000037/7754441
749,循证医学,https://www.xuetangx.com/course/csu10029000315/7755036
750,临床思维与人际沟通,https://www.xuetangx.com/course/PKUP1002001939/7753364
751,大学英文写作（下）,https://www.xuetangx.com/course/NUDT05021000076/7753143
752,人类进化导论,
753,力学与现代生活-开启科学人生,
754,Entrepreneurship 101: Who is your customer?,
755,绳索救助技术基础,https://www.xuetangx.com/course/WJXY08311000596/1001680
756,中草药与生活的奇幻旅程,
757,广东外语外贸大学南国商学院,
758,创新创业心理学,https://www.xuetangx.com/course/CIE65031000890/7769634
759,建筑工程定额预算,
760,计算机网络原理,https://www.xuetangx.com/course/QDU0809003641/7753523
761,分布式操作系统,https://www.xuetangx.com/course/THU08091000280/7754251
762,计算机工程概论与职业发展,
763,高级语言程序设计,https://www.xuetangx.com/course/jlu08091005105/8292876
764,科学计算与数学建模,https://www.xuetangx.com/course/CSU07011000630/7754392
765,水文学原理及应用（2）,https://www.xuetangx.com/course/THU07051000290/7754088
766,计算机应用,
767,结构力学专题,
768,钢结构设计原理,https://www.xuetangx.com/course/XAUAT08281001327/7753572
769,网络营销,https://www.xuetangx.com/course/buu12081005197/8910795
770,工效学,
771,音视频技术,
772,Combinatorial Mathematics,
773,能耗在线监测系统建设方案,
774,上海消防精品课,
775,灾害信息传播学,https://www.xuetangx.com/course/FZXY03031000904/7754057
776,信息素养学术研究的必修课（文献检索与利用（化工类））,
777,学术之道始于走正道,
778,国际形势与中国地位,
779,人文清华,https://www.xuetangx.com/live/live20201014m001/live20201014m001/5570157/7945242
780,翻转课堂,
781,英文写作指导――科技写作,
782,生命科学基础1,
783,高等数学实战宝典（下）,
784,符号计算语言 Mathematica,
785,神经病学,https://www.xuetangx.com/course/XJTU10021001221/7754257
786,会计电算化,https://www.xuetangx.com/course/SXPI63031000861/7754605
787,中国科学院大学新生入学教程―研究生学习与培养,
788,创业者心理学：积极心态的力量,https://www.xuetangx.com/course/CIE12021000576/7769658
789,插花艺术基础,
790,创业通关宝典,
791,古都揽胜导游实战讲解服务,
792,蝴蝶兰生产与应用,
793,外科护理学(含皮肤护理）,
794,洞悉支柱产业系列课程-中国房地产业,
795,烹饪精品课川菜篇,
796,气候变化与人类社会,
797,Religion and Hip Hop Culture,
798,Foundations of Computer Graphics,
799,Entrepreneurship 102: What can you do for your customer?,
800,日语N3语法,
801,基础日语2,
802,Preparing for the AP Biology Exam Part1,
803,AP Environmental Science - Part 2: Populations,
804,创业人力资源管理：如何招聘合适人才,https://www.xuetangx.com/course/cie12021000572/7769706
805,中国大国崛起的经济、历史、国际研究分析,
806,生命科学基础1分子生物学,
807,English Research Paper Writing,https://www.xuetangx.com/course/thu00001000424intl/3994957
808,客户关系管理,https://www.xuetangx.com/course/cqu02011005582
809,内科护理学_专,
810,内训慕课,
811,财务分析,https://www.xuetangx.com/course/cdu02011002119/7769996
812,营销学原理,
813,健康评估,
814,军兵种知识,
815,20170606测试-创建流程,
816,全球通史,
817,Tsinghua Chinese: Start Talking with 1.3billion People,https://www.xuetangx.com/course/thu05011000316intl/3994948
818,Will China Rise as a Disruptive Force? The InsidersPerspective,
819,R+后期视效――用AE全景插件skybox制作全景视频特效,
820,UE4抢滩登陆游戏制作,
821,工业级AR游戏模型制作流程,
822,The Science of Everyday Thinking,https://www.xuetangx.com/course/thu08091000327intl/3995175
823,微电子电路基础,https://www.xuetangx.com/course/BIT08071000032/7769656
824,MOOC辅导员课程,https://www.xuetangx.com/course/THU08061000294/7754300
825,房屋建筑学,https://www.xuetangx.com/course/sdjzuP08591001508/7754142
826,水处理工程,https://www.xuetangx.com/course/THU08251000389/7753201
827,免疫学基础――第Ⅱ部分,https://www.xuetangx.com/course/thuP10011001612/7755042
828,西北民族大学_电路原理,
829,心理病理学,
830,多主体建模,
831,电工电子学,
832,International Trade Practice English,
833,地球科学概论,
834,高等教育学,https://www.xuetangx.com/course/THU04011000331/7754189
835,系统工程,https://www.xuetangx.com/course/AFEU08091001148/7753991
836,市场营销学,https://www.xuetangx.com/course/GDUFE12041001298/7754778
837,妇女健康和权益,
838,研究生英语Ⅰ,
839,管理经济学,https://www.xuetangx.com/course/cdpc63051002072/7753786
840,数据、模型与决策,
841,国际商务英语,
842,MBA管理沟通之商务写作(P1班),
843,中学教育见习与实习,
844,Data Structures and Algorithm Design Part,https://www.xuetangx.com/course/thu08091000384intl/3995174
845,Water and Wastewater Treatment Engineering:Physicochemical Technology,https://www.xuetangx.com/course/thuP08571000390intl/4003590
846,Software as a Service Part 2,
847,如何玩转学堂云（第二版）,
848,电算化会计信息系统,https://www.xuetangx.com/course/HIT12021000097/7754799
849,玩转学堂云（第二版）,
850,茶文化_reruntest1,
851,二级学科讲座――无铅压电材料的压电机理研究,
852,重庆科技学院_电路原理,
853,中国石油大学（华东）_电路分析,
854,温州大学_电路原理,https://www.xuetangx.com/course/THU08061000294/7754300
855,重庆大学SPOC教学平台教师使用指南,
856,大学生职业指导--就业指导,https://www.xuetangx.com/course/XTU04011000542/7769946
857,第一章：无人机的发展史,
858,画法几何与建筑制图,
859,大学计算机基础Ⅱ（办公软件高级应用）,
860,摄影-影像造型与叙事,https://www.xuetangx.com/course/THU13051000931/7753303
861,设计行不行,https://www.xuetangx.com/course/CYCU13051000510/7753519
862,MOOCs制作与运营,
863,标的估值与价值分歧处理,
864,大学物理（先修课）-电磁学,
865,大学生创业基础,
866,神奇的普洱茶,https://www.xuetangx.com/course/YNAU13011000555/7753894
867,化学反应工程,https://www.xuetangx.com/course/xju07031001898/7755394
868,大学计算机基础理科,
869,普通生物学（先修课）植物和动物,
870,Calculus (I),
871,物理AB2（周世平）,
872,社区护理学,
873,汽车电气设备,
874,道路施工技术,
875,公路工程检测技术,
876,妇产科护理学_专,https://www.xuetangx.com/course/TJUFE10111001472/7754390
877,学术之道,https://www.xuetangx.com/course/THU04011000617/7753356
878,影视制作（1）,
879,李捷：学习领会习近平总书记系列重要讲话的重大意义、深刻内涵和精神实质,
880,高等仪器分析,
881,大学计算机基础文科,https://www.xuetangx.com/course/THU08091000251/7753170
882,研究生英语Ⅱ,
883,中国特色社会主义理论与实践研究,https://www.xuetangx.com/course/bitP0305003992/7753476
884,大学生职业指导--职业认知与职业生涯规划,https://www.xuetangx.com/course/XTU04011000543/7753602
885,宇宙中心的听说课,https://www.xuetangx.com/course/THU05021000376/7754480
886,国防教育,
887,儿童口腔医学,https://www.xuetangx.com/course/XJTU10031001017/7753367
888,光通信器件及系统,
889,社会学概论,https://www.xuetangx.com/course/nwupl03031004312/7752963
890,艺术美学,
891,大学计算机,https://www.xuetangx.com/course/BIT05031001192
892,视觉素养导论,
893,化学与人类文明,https://www.xuetangx.com/course/THU13011000371/7753066
894,道家的智慧,https://www.xuetangx.com/course/Xuetangx0101002713/8293109
895,5年制药理学,
896,SQL Server数据库技术,
897,分子生物学,https://www.xuetangx.com/course/csu07101003082/9924637
898,品读道家智慧,
899,口腔正畸学,
900,光电子学,
901,现代礼仪,https://www.xuetangx.com/course/HNU00001000545/7753126
902,心理生活人生,
903,清华助教培训,
904,地学景观探秘_审美_文化,
905,《信息素养学术研究的必修课》（社科类）,
906,工业文化,https://www.xuetangx.com/course/ZHBIT08021000033/7769859
907,机械原理,https://www.xuetangx.com/course/NEU08021000863/7769942
908,大学物理2,https://www.xuetangx.com/course/THU07021000289/7755523
909,土木工程材料,https://www.xuetangx.com/course/cqu08101002395/7755598
910,食品安全与检验概论,
911,西方建筑文化与翻译,https://www.xuetangx.com/course/THU08281001605/7754678
912,批判性读与写,
913,学业素养英语,
914,商务英语翻译,https://www.xuetangx.com/course/cqu05021002444/7754929
915,经济学导论,
916,建筑英语翻译,
917,工程地质,https://www.xuetangx.com/course/THU08141000291/7754867
918,概率论与数理统计（先修课）,
919,VC++面向对象与可视化程序设计,https://www.xuetangx.com/course/THU08091000256/7754187
920,大学英语,
921,普通化学,https://www.xuetangx.com/course/syau07031005082/8056890
922,营养和健康第1部分：宏量营养素和营养过剩,
923,创客培养,https://www.xuetangx.com/course/THU08011000273/7754241
924,微观经济学,https://www.xuetangx.com/course/THU02011000335/7754174
925,商学导论：10节课带你走进商业世界,https://www.xuetangx.com/course/THU02041000368/7754444
926,向京东学什么创京东的十个启示,
927,市场营销实务,https://www.xuetangx.com/course/ylvtc63071001276/7728174
928,复盘：让创业不败的方法论,https://www.xuetangx.com/course/CIE05021000577/7769697
929,清华大学研究生学位论文答辩(2014),https://www.xuetangx.com/course/THU00001002199/1403011
930,创业私董会,https://www.xuetangx.com/course/CIE12021000575/7754281
931,中国国情与中国道路,
932,利用Office解决教师工作中的问题,
933,数码照片拍摄与处理技术,
934,孙子兵法与企业经营,
935,激光技术的应用,https://www.xuetangx.com/course/THU00001000965
936,在线课程设计与制作,
937,清华大学-大学化学先修课,
938,助教培训:如何做好线上辅助教学工作,
939,物联网概论,https://www.xuetangx.com/course/thu0809fu101202/7770042
940,大学化学,https://www.xuetangx.com/course/THU07031000283/7754043
941,内科护理学_本,
942,妇产科护理学_本,
943,老年护理学,https://www.xuetangx.com/course/cdutcm1011zw2021041/7754451
944,视觉与艺术,
945,数字营销：走进智慧的品牌,https://www.xuetangx.com/course/JNU05031000159/7754476
946,护理研究,https://www.xuetangx.com/course/swmu0000zw2020965/7755335
947,护理管理学,
948,儿科护理学,https://www.xuetangx.com/course/CMU10111003813/7752925
949,临床护理操作技术,
950,物流管理,https://www.xuetangx.com/course/ynjgy12061001935/7755030
951,走进广告世界,
952,数字逻辑电路,https://www.xuetangx.com/course/xinhua08071003925/7753099
953,大学英语一,
954,线性代数习题课,https://www.xuetangx.com/course/bit07011006296/10145311
955,普通生物学（先修课）细胞和分子,
956,2016年校长奖学金评审会,
957,巅峰对话：世界经济与社会发展,
958,学术英语综合教程,
959,让视觉去飞翔,
960,王树增讲长征,
961,简易机器人制作,
962,智能机器人,https://www.xuetangx.com/course/THU00001001610/1075922
963,我的智能乐器公司,
964,零基础学编程Python,
965,病理学,https://www.xuetangx.com/course/jlu10021005104/8292872
966,大学生安全之消防大讲堂,https://www.xuetangx.com/course/HNFIREX08311000116/7754406
967,公积金的那些事儿,
968,金融产品风险管理,
969,业务办理之财务,
970,哲学与人生,
971,网店运营与管理,
972,汽车系-汽修专业-2015级（3、4班）非胡格班（作业）,
973,化妆,
974,中华经典菜-中式面点,
975,室内装饰,
976,食品营养与安全,
977,个人形象与职业礼仪塑造,
978,中华经典菜-鲁火纯青,
979,环境污染事件与应急响应,https://www.xuetangx.com/course/BNU12041000036/7753102
980,学业辅导―C语言,
981,新能源汽车,https://www.xuetangx.com/course/xaau08021002570/7755048
982,交通法学概论,
983,经济新常态与产业转型,
984,尽职调查与风险控制,
985,沟通与交流,
986,财务报表与战略管理,
987,社会主义经济理论与实践,
988,管理学,https://www.xuetangx.com/course/BNU12011001060/7754462
989,会计学,https://www.xuetangx.com/course/ynu02021002091/7755597
990,信号与系统,https://www.xuetangx.com/course/THU08261000810/7753821
991,名师风采讲堂,
992,Digital IC Analysis & Design,https://www.xuetangx.com/course/thu08071000387intl/4003579
993,汉语听说入门与课程设计,
994,学业辅导高数,
995,匠心逐梦――学业辅导系列讲座,
996,国际私法学,https://www.xuetangx.com/course/nwupl03011002968/7754633
997,社交礼仪,https://www.xuetangx.com/course/chzu65041001398/7753154
998,大学物理实验,https://www.xuetangx.com/course/xnkj07021002043/7755488
999,汽车营销学,
1000,基础化学实验,https://www.xuetangx.com/course/HNU07031001168/7753909
1001,精通救生艇筏和救助艇,
1002,汽车底盘构造,https://www.xuetangx.com/course/THU08021000670/7753301
1003,汽车发动机构造,https://www.xuetangx.com/course/lingnan08081002104
1004,汽车运用工程,
1005,模型制作专业-第一课,
1006,汽车钣金修复与喷涂,
1007,汽车服务工程导论,
1008,室内设计原理,
1009,土木工程制图,
1010,建筑工程施工安全管理,
1011,航海英语,
1012,列车运行自动控制技术,
1013,发动机原理,https://www.xuetangx.com/course/THU08181000354/7754109
1014,地基与基础,
1015,金融学,https://www.xuetangx.com/course/szu02031002870/7769743
1016,汽车检测与维修,
1017,桥梁工程（上）,
1018,桥梁施工技术,
1019,桥梁结构设计与分析,
1020,市政工程计量与计价,
1021,物理化学,https://www.xuetangx.com/course/hrbu07021005087/9929427
1022,证券投资技术分析,
1023,公路工程计量与计价,
1024,证券投资学,https://www.xuetangx.com/course/WUST12041001256/7753908
1025,照明设计,
1026,装饰材料与施工工艺,
1027,效果图表现技法,
1028,中外建筑与园林,
1029,商业银行管理学,
1030,国际法学,
1031,汽车安全工程（汽车安全与法规）,
1032,交通运输专业导论,
1033,汽车事故鉴定,
1034,打印机、公共盘连接方法,
1035,资金托管,
1036,link系统商贷报备,
1037,高等数学（工专）,https://www.xuetangx.com/course/SXPI11111000464/10223520
1038,口腔解剖生理学,https://www.xuetangx.com/course/XJTU10031000530/7754622
1039,创新思维与发明问题解决方法,https://www.xuetangx.com/course/XAUAT01011000790/7754449
1040,人工智能原理,https://www.xuetangx.com/course/PKU08091000777/7754668
1041,环境工程微生物学,https://www.xuetangx.com/course/XAUAT07101000789/7754576
1042,图案,
1043,程恩富：准确理解十八大报告的几个理论问题,
1044,刘洪仓：关于加强纪律建设 严明党的政治纪律和政治规矩工作,
1045,杨伟民：十八届五中全会《建议》学习体会,
1046,西班牙语很容易,
1047,客户银行卡管理,
1048,机械制造技术基础,https://www.xuetangx.com/course/xjtu0802zw/8024337
1049,高等化工热力学,https://www.xuetangx.com/course/THU08011000659/7754900
1050,基本人体生物学：细胞和组织,https://www.xuetangx.com/course/1813294fu091601/7752941
1051,计算机那些事儿,
1052,居间业务,
1053,房产金融行业商务礼仪,
1054,B.04 现代生物科学导论A,
1055,认识MOOCs,
1056,计算机公共基础,
1057,工程图学基础,https://www.xuetangx.com/course/ahau08021005917/10103933
1058,二手车鉴定与评估,
1059,推销技术与谈判技巧,
1060,汽车CAD,
1061,网络操作系统,
1062,通信概论,
1063,中国文学与文化,https://www.xuetangx.com/course/scut05011001111/7754906
1064,计算物理,
1065,Computer Networks,https://www.xuetangx.com/course/scut08091001002intl/3994979
1066,产权业务,
1067,（2017年秋季）科技翻译,https://www.xuetangx.com/live/live20200802IT001/live20200802IT001/4230358/6773595
1068,收据管理规定,
1069,普通地质学,https://www.xuetangx.com/course/GIT08251001187/7754571
1070,足球竞赛规则与裁判法分析,https://www.xuetangx.com/course/QFNU04021000677/7753495
1071,创业导引与创业名家面对面,https://www.xuetangx.com/course/THU08091000275/7770087
1072,工程力学,https://www.xuetangx.com/course/NEU08011001314/7755521
1073,计算机辅助设计,https://www.xuetangx.com/course/SCUT08091001566/5883124
1074,慢速英语听力,
1075,2017春大学化学III-001,
1076,大学化学III,
1077,融信着装标准,
1078,办公区打印机卡纸维修教程,
1079,计算机军事应用,
1080,坚持中国道路 引领社会思潮,
1081,融信业务签约规范,
1082,职业道德风险提示,
1083,战争法,https://www.xuetangx.com/course/THU00001000302/7769922
1084,客户风险等级评级培训,
1085,人因工程,https://www.xuetangx.com/course/THU12011000369/7769981
1086,教师如何用手机教学,
1087,中小学教师如何做微课,
1088,办公区液晶触摸打印机扫描及U盘打印使用教程,
1089,财务管理学,
1090,计算机程序设计,https://www.xuetangx.com/course/NUDT08091001138/7753892
1091,军事信息管理,
1092,大学物理力学篇（通识）,
1093,公路工程造价管理,
1094,万众创新第一课：创新总论与技术产业化,
1095,麦肯锡“全球领导力”,https://www.xuetangx.com/course/THU12021000345/7753091
1096,兼并收购与公司控制,https://www.xuetangx.com/course/Xuetangx12021004912/7672918
1097,并购中的竞争与整合,
1098,投资风险管理的策略与方法,https://www.xuetangx.com/live/live20200607B001/live20200607B001/4090877/5590573
1099,公司金融原理与项目价值评估,
1100,并购中的规则：治理、法律、法规,
1101,Introduction to Computational Thinking and Data Science,
1102,交通安全法,
1103,液晶显示技术,https://www.xuetangx.com/course/SCUT08071000955/5883310
1104,金禾讲坛-------名家系列讲座之五：个人与社会如何增加快乐,
1105,大数据与物联网,https://www.xuetangx.com/course/THU08071000428/7735130
1106,“学而”讲坛――教授系列讲座第287讲,
1107,科学道德和学风建设宣讲会,
1108,鞋靴造型设计,
1109,高级英语写作,https://www.xuetangx.com/course/NWPU00001000722/10277887
1110,第二章：无人机的分类,
1111,第三章：无人机的安全飞行,
1112,电路,
1113,中药药理学,https://www.xuetangx.com/course/CDUTCM10081000783/7754048
1114,大学物理2(电磁学、光学和量子物理),https://www.xuetangx.com/course/THU07021000289/7755523
1115,iTalk：清华合伙人,https://www.xuetangx.com/course/THU12021000370/7769821
1116,厦门理工学院_电路原理,https://www.xuetangx.com/course/GIT08071001286/7754323
1117,不朽的艺术-保山学院-期末考试,
1118,巅峰对话：量子光学理论,
1119,巅峰对话：机制设计理论,
1120,国际无人机赛事,
1121,有关3D打印技术的原理概述以及应用浅析,
1122,酒・文化,https://www.xuetangx.com/course/SCUT00001001040/5881544
1123,生物医学论文写作,
1124,发动机组件的拆装与检测,
1125,数控车床,
1126,英语,
1127,数学,
1128,幼儿教师口语,https://www.xuetangx.com/course/xzyedu04011004116/7755312
1129,安全教育,
1130,西方哲学I：古代部分,https://www.xuetangx.com/course/BNU01011000707/7753885
1131,英语美文悦读 I _人文篇,
1132,利用网络资源解决中小学教师教学问题,
1133,大学生心理健康教育,https://www.xuetangx.com/course/xbmu07111001741/7769873
1134,学术规范与实验室安全,
1135,P2P业务风险管理,
1136,中国古代小说鉴赏与研究（上）,
1137,西方哲学史,https://www.xuetangx.com/course/sxu01011002384/7752934
1138,社会主义经济理论与实践[MBA],
1139,汽车碰撞估损,
1140,化工原理,https://www.xuetangx.com/course/gdut08131003414/7755550
1141,公路施工组织与概预算,
1142,创新的积极心理学,https://www.xuetangx.com/course/1297369fu081101/7755078
1143,军事物流学,
1144,沥青混合料设计与检测,
1145,混凝土设计与检测,
1146,Geology and Engineering Geology,https://www.xuetangx.com/course/thu08141000291intl/4003595
1147,China’s Perspective on Climate Change,https://www.xuetangx.com/course/thu08251000427intl/4003585
1148,Water and Wastewater Treatment Engineering: Biochemical Technology,https://www.xuetangx.com/course/thuP08571000389intl/4003592
1149,神经元动力学――单个神经元的计算神经科学,
1150,空气动力学导论,https://www.xuetangx.com/course/THU00001000420/7754173
1151,Elements of Structures,
1152,社会责任地产开发：学习使用影响评估工具,
1153,结核病,
1154,考试测试,
1155,路基路面工程,https://www.xuetangx.com/course/chd08101004108/7755638
1156,熊猫生日会,
1157,节奏大师,https://www.xuetangx.com/course/THU13011000261/7753020
1158,童趣游园会,
1159,避障小车,
1160,幸运大转盘,
1161,熊猫去散步,
1162,数字大闯关,
1163,智能家居,
1164,一起摇摆,
1165,仿生机器人,
1166,智能小风扇,
1167,走进机器人的世界,
1168,scratch开篇体验课,
1169,青蛙音乐会,
1170,科学大讲堂,
1171,趣味大冒险,
1172,熊猫奥运会,
1173,哈利故事会,
1174,疯狂打地鼠,
1175,苹果大丰收,
1176,点亮星空,
1177,时间管家,
1178,行走的霓虹灯,
1179,数字猜猜猜,
1180,汽车事故鉴定学,
1181,2014诺贝尔奖得主西安交大校园行讲座(一) Human Ingenuity - A prime Natural Resource,
1182,AP Environmental Science - Part 1: The Living,
1183,Medicine in the Digital Age,
1184,数字营销：品牌就是王道,
1185,人力资源管理：如何招聘合适人才,
1186,智能垃圾桶,
1187,雷电,
1188,后羿射气球,
1189,方程式赛车,
1190,智能街边灯,
1191,学术交流会,
1192,小小蝙蝠侠,
1193,夜空画星星,
1194,保卫家园,
1195,欢乐弹力球,
1196,运输巴士,
1197,雨伞提醒器,
1198,2020届语文,
1199,2020届新高一英语暑期资料,
1200,物理AB1,
1201,高一物理AB1,
1202,劳动者维权的途径,
1203,家畜寄生虫病学,https://www.xuetangx.com/course/FAFU09041000866/7754095
1204,中国现当代文学,
1205,眼视光学初体验,
1206,信息素养――学术研究的必修课（文献检索与利用（理工类））,
1207,有机化学A2,https://www.xuetangx.com/course/THU07031000429/7769950
1208,创・课十讲系列课一：自我修炼,
1209,创・课十讲系列课十：入园孵化,
1210,商业计划书写作与陈述,
1211,An Exploration to the Original Spirit of Western Philosophy(2017秋),
1212,信息素养-学术研究的必修课【化工类】-93,
1213,有机化学A1,https://www.xuetangx.com/course/THU07031000429/7769950
1214,公共管理前沿II,https://www.xuetangx.com/course/THU12021000309/7769925
1215,智慧家庭生态园,
1216,现代生活美学进阶,https://www.xuetangx.com/course/THU13011000408/7754542
1217,创业实践案例课程,https://www.xuetangx.com/course/CIE08091000121/971116
1218,植物造景设计,
1219,商业伦理与职业道德,
1220,局部解剖学,https://www.xuetangx.com/course/SDU10011000458/7753380
1221,冲向α星,
1222,跳舞青春体验课,
1223,法拉第的门徒,
1224,智能小风扇体验课,
1225,海底两万里,
1226,舌尖上的中国,
1227,海上急先锋,
1228,绿色小车体验课,
1229,莱特兄弟的翅膀,
1230,海上长城,
1231,大地鼓手,
1232,小试牛刀：苹果大丰收（1）,
1233,小试牛刀：苹果大丰收（2）,
1234,毕业设计,
1235,小试牛刀：雷电（2）,
1236,小试牛刀：雷电（1）,
1237,星陨行动,
1238,小试牛刀：避障小车（1）,
1239,小试牛刀：避障小车（2）,
1240,淘气宠物狗,
1241,建筑设计基础,
1242,医学文献检索,https://www.xuetangx.com/course/CSU10101000966/7754320
1243,临床流行病学,https://www.xuetangx.com/course/sduP1002002289/7755123
1244,传承与创新-装饰图案创作方法研究,
1245,食物营养与食品,
1246,我的宠物鸟,
1247,洪荒之力,
1248,瓶子里的彩虹,
1249,无敌风火轮,
1250,马路轻骑兵,
1251,机器人WALL・E,
1252,喝盐水的小车,
1253,寻找魔术师,
1254,魔镜传说,
1255,迷你特斯拉,
1256,移山填海,
1257,欢乐泡泡机,
1258,你好招财猫,
1259,未开课数据测试,
1260,清华大学党组织的建立与优良传统,
1261,社会治理的中国之道,https://www.xuetangx.com/course/THU00001000420/7754173
1262,青春的力量,
1263,深刻把握“四个全面”的科学含义,
1264,英语写作指导Ⅰ,https://www.xuetangx.com/live/live20191205/live20191205001/1480012/1150601
1265,英语写作指导Ⅱ,https://www.xuetangx.com/live/live20191205/live20191205001/1480012/1150601
1266,中国古典舞与乐舞文化,
1267,汉语语法课堂,
1268,大学生生涯规划,
1269,大力金刚,
1270,街头指挥家,
1271,织女的心愿,
1272,灌篮高手,
1273,牛顿的坐骑,
1274,追不上的小车,
1275,愤怒的小鸟,
1276,机器人教练,
1277,诺曼底登陆,
1278,空中之翼,
1279,空气大胃王,https://www.xuetangx.com/course/THU00001000420/7754173
1280,纸上芭蕾,
1281,魔力小旋风,
1282,AP Environmental Science - Part 3: Pollution and Resources,
1283,AP Biology - Part 2: Genetics,
1284,创业失败：原因与出路,https://www.xuetangx.com/course/CIE08091000385/7753063
1285,速成汉语语法课堂,https://www.xuetangx.com/course/BLCU05011000045/7753817
1286,保险经营与管理,
1287,汽车服务系统规划,
1288,计算机原理与应用（单片机原理与应用）,
1289,渗流力学,https://www.xuetangx.com/course/xapi08011001855/7754334
1290,材料研究方法,
1291,误差理论与测量平差,https://www.xuetangx.com/course/XUST08121001539/7754104
1292,线性代数与解析几何,
1293,道路勘测设计,https://www.xuetangx.com/course/nefu07091006018/10103957
1294,担保法理论与实务,
1295,红色经典导论,
1296,行书教程,
1297,大学日语,https://www.xuetangx.com/course/THU05021000363/7754436
1298,大学语文,https://www.xuetangx.com/course/svcciic05011004012/7753895
1299,信息技术与课程整合,https://www.xuetangx.com/course/cnu04011002063/7755403
1300,食品标准与法规,
1301,创新创业学,https://www.xuetangx.com/course/WUST02011001097/7754915
